id,name,wallet_address,transport_type,password
d94b5019-7045-4914-a793-cc38271c9689,Patricia Johnson,0x5647445a3e564b189fc35a75079fc924,bicycle,aad9D6C7e9R7
44329a85-25db-4265-9989-fb5233344f91,Christopher Lopez,0xc56289d4aabb42149853763cfa77262d,scooter,cdS8ZrCsdp6Q
5c713aec-16e2-4972-ba55-38be687a4cfd,Linda Wilson,0xf808a6d2f3bb4c3fb760876fad78953d,scooter,1PrM67G6NyCr
ffd950cf-7a98-466e-96fd-9ccf124427e6,William Moore,0x4245e7c32b59410ea3fed06f7ad4fa57,car,1ZT9GZknPyEo
b3135405-bdbd-4724-bb7d-a628ea281d09,Mark Jones,0xd77e61b8ed6e4c7e9e51052c90f58b1d,scooter,cbf3KVEt0s6w
d9be7cc1-efd1-4574-a29f-ce6879e44c33,Michael Davis,0x15e2f264de6740b4879e7f7ea3131cbf,bicycle,FIjGZlJsKqXa
6b16d72b-134e-4556-99c3-3b3c9ab2dc1d,Thomas Brown,0x04c08ad78fba40fba06de1b3b89041e3,bicycle,OEm9W3XPxwzk
f4bf0c2c-e1e9-4909-b429-9e9139188f58,Mary Jackson,0xeb7a9e8eb1c4448aa1c518a9f13148fd,car,ZpfJm4gqGnkr
2e2a9afa-4aa0-47d9-9d8f-58a0fccf0770,Robert Rodriguez,0x1b307215f74b45f89c592e57669cee3a,scooter,DK8bp6LO9FnP
d82b2556-488e-4eee-8cb2-abbd97e14d4f,James Jackson,0x9868da19b00347738c157029be2a1e1a,foot,ft8ifZ9Rgn3i
67e86c86-86ae-4a05-a7ee-4a148855f68c,Joseph Garcia,0x98cf58f53c704696927d5bcb56e202f2,bicycle,yOMT5KB5OWT7
bab1d535-9fcf-4d49-a404-3ef1594d0862,Mary Moore,0xd951af30032a443f8a3abf653937177d,car,nKW2wF31mCkK
08baf9b0-b71b-4156-a864-0dff0e3c0920,Daniel Martinez,0xa59445ee314d4ecbbf6954a57c5ce767,foot,0tg54iEZWMoi
52ba0aab-0dad-435c-8a2c-70db15510746,John Williams,0xe4b01392109e4f8789670ec415b38664,bicycle,1NDskshwOQGL
8d950c04-7e92-4a60-9a1e-97921d1bb319,Karen Moore,0x7aed6456248f447c9022633ced62bb06,bicycle,Mk4cMW0jbnyB
2f4c7b71-9544-43ee-afa6-26f9e2c82e6e,Barbara Moore,0xfaf910b35ef84f0384fc74d39626f2f1,bicycle,dYTLTxLLUG7O
6301ab09-ad6e-4a2f-a558-ce4d77f73fdb,Thomas Taylor,0x7c2d823bcf3544b6a0f158a4366271db,car,LdqKCZHOCbKy
f4b0acea-c4fb-4b85-afe3-5ff72166dcfa,Nancy Martinez,0xfe689467a88a4ceb9ce12f2dd253ba54,scooter,n36iQx5piDnS
f213a8ef-de1d-455c-b2a6-345fa76c0958,Lisa Anderson,0x2271600ae39f4cf98274067c2371a1f9,foot,vRjAkk9CO2dl
96772db7-239b-43d7-bc3f-d61dbf13c85f,Mary Jones,0xb033628617ac4536ad382b44e0f87fe6,car,7wTXw6DAApcI
11981f10-c06d-4480-83a6-7fbd678da68e,Charles Anderson,0xe2ddc5a0dc5b4aa58a05dbebc4db1464,foot,YFRcESoHYNEZ
8eee1f4f-41d3-4caa-815d-1ca01ea9a393,John Gonzalez,0x53a2d21c818b4478be98ff5e46059d67,car,sR4JwyWgVnMl
f61e8ba3-86e4-4472-b653-67c4229fb73c,Jessica Davis,0x1718dd1ea29b467e98b9479ec50aedfa,scooter,pmHTrTB5pMlw
4aeb1446-86f0-4848-9a92-7b6ffa23d1c1,Matthew Gonzalez,0x10a17e93f79d47548517fb9bc65b38e6,foot,moF7e6NpP5tP
1b073495-2b45-4dd4-a1ec-321127fb8c90,William Rodriguez,0x3c0e8ce75822445195c0e761baf0e89d,foot,AXNKsxphl4n5
604d3910-d621-4763-adbe-971d70d146c7,Joseph Jackson,0xed666c9fe0084a738db18e9b598a460b,foot,JImGzLLh555R
b97f4b3f-f44a-4e53-88d0-dbccc38a5fb6,Susan Jackson,0x1149cc130a4248b7b4aebc7dfb4e2719,bicycle,0tZ4OswjQuUA
68e5d5eb-7dc9-4781-bcb4-4e7003a44215,Anthony Williams,0x2d0010133216408c9a158e1620b2c2cc,scooter,r2LSfG4mX5C0
7b8d7e6f-742a-445f-9d8f-dfc89821612c,Linda Lopez,0x4382ef4a607a4c129996091523cc1325,bicycle,Dw4enUXw61bj
08f6ed7f-be8f-46a7-a588-a41c86c89708,Lisa Gonzalez,0x182f070eb63f4058ad22527aef9683df,foot,SBJqbwNjDpRd
3a642412-1c71-489b-a248-562addbc876d,Richard Rodriguez,0xa54d5bd0210f479d94811bd4bf275a3a,scooter,7dFVSK20fa8u
d91ed53c-9410-4de1-bda0-2f48b9e5dfe0,Betty Garcia,0x128dd9c46369461cb0f7427c7e6eab7e,bicycle,gMmyKbtVogBc
3357f982-80ea-43fb-ae3d-81b761d55934,Sandra Jones,0xd082d491475446cdb7071c33c47ebbe6,car,nA0RT7hoKV4v
3e98f1f6-80ea-446f-bffc-37f4f603ff68,Richard Jones,0x20d81cdeac2f4972a3bd9fcbcbdcedad,scooter,URGLfL0HunaG
4d55aacb-668e-4249-8370-f63dcd5a8b32,Patricia Miller,0xa2772858a5bc49a2b75ec267c47444a6,bicycle,OK3R58wyAhsB
cce65f8e-d10c-472d-a478-73271d6191ba,Christopher Martinez,0xcd9bde3b474f47e181e9a3f1229ac533,car,JRkW7HtKTn9O
f37eee8b-7d01-4493-93bc-7cefb3050eb8,David Thomas,0x1da6dbf5cd6d474e9d128eb6f1bb59df,car,20rUEonZBAtB
feadb7f5-3c4b-4f95-a68f-3f3cc7702394,Joseph Wilson,0x0c4edf71f74f48a98d0eff043ecd5f57,bicycle,UOtPUeN1z1dm
ce98bc84-be18-4523-9181-11cfec80e2bd,Mary Thomas,0x185cad44e5ac4af492a8b8967302572b,foot,zvziKL7of78j
f55d3e21-5b94-4163-8f0a-4893fb0c4d58,Mark Rodriguez,0x8caa13d09459411f8fae3c81c007498a,bicycle,10LJeCER6qZZ
5bc68914-78f7-42f0-b580-dfca9e94cad9,James Williams,0x088368aaaaa2468988eb2bddd1f062af,scooter,JPfk1Y1iMFw8
d444ec6d-63cc-49f4-9d2c-96b4961d8535,Thomas Lopez,0x1314d57ed1294434b93a5758dd5bb9ea,foot,5xZ54839YHYn
1d8fc10c-cf90-4ea9-9ccb-0fde96ada853,Richard Jackson,0x3935c46629134da987644c456f5c4943,foot,17IlPkMBpJXN
0d2d1d1c-afc5-4023-8881-8f3c86b985d6,Christopher Garcia,0xb3f518c087eb4683bafeaabb1308fc99,foot,ARoZTXbi9jg9
caabc401-96ce-47f4-9f88-a840188271cf,Mark Lopez,0x614bf61c477949838d2aba2435b3114c,car,5OuU4ng9nqaD
d6ed429c-4785-4751-8e9f-eb88a8373f3e,Robert Martin,0x1ab410df06cc44dfbd3765b0fec1e540,foot,D4obs41dS1Jz
544a0333-1e25-4a78-b70e-dc0aed95b950,Jessica Moore,0x1cc4b1024a8b4bc2bdd17ce6acb77853,foot,J77RihXfitKh
3cfcbc29-a476-4765-899e-9c53386ea4f6,Nancy Garcia,0x5cb6ca21d58944a28819f46be102d63c,foot,RPPkbwztRINR
33b25eed-ba93-4c30-a04f-5df586a6e929,Jennifer Brown,0x79fbd78cd22249b9aab243a8fbe2fc64,car,T33jEKgRCwqg
84a60079-0cf1-4440-8988-6b83d5c8c00e,Susan Taylor,0x6f9df04c38554972ba49f01eb2707a4b,car,Tj3YXZ5Ndcfe
c0f00f5b-eed0-4c4d-a448-51d790743bc6,Richard Thomas,0x41de1ec836c64ecea9dcbe1d8f5be159,bicycle,WcN0liZRCPX0
3f531df2-396d-41d9-9e2d-0eef37a1a1b0,Karen Martinez,0x5b4b5338ef8b4e1b91905849282c30c1,car,JIBvyMgUiPDK
ef8ac3aa-1bcf-40bc-b52d-ae32a42ffb60,Jennifer Martinez,0x0d7312e3934f44839d2d3105610f84e4,scooter,L7QpfZLkxtw7
7f447d50-4839-4ef4-9cdf-6de6a30ae95b,Anthony Hernandez,0x62af2d9c87b744dfa9c7d9ab3cd069e4,car,2py2inUN5TPJ
1c118383-4013-4038-9690-e0de86101f7c,Sarah Thomas,0x872bec31384548088f7c11c356a11dd9,bicycle,EPculmQ6vMxL
2ee65e6e-bff7-43fe-9699-b33ad563abaf,Betty Brown,0xbc081f55b99141429ae69928bb5023d2,car,qwXvnqtpbHPH
3c04a079-0716-49d5-a2f1-7754496ad50e,Christopher Gonzalez,0x8405a3d40ffa4e0e9e7b4e3fa9d74d51,foot,jYQnrupSWusp
4c284037-efe2-4a44-921c-4748ae9d5c64,Sarah Martinez,0x7516c5608c6e417da534d107017ffc28,car,aBmdsJtgKoUf
19fe3b66-99bd-4827-96b0-c882798cbc27,Daniel Rodriguez,0x919769beedb745a894e91918e1c32f84,foot,4jjGKJFn1n4H
bce70bd7-e59d-4b11-801b-f603290011f0,William Brown,0xf41550bb6927471ab9ea926ca27814da,scooter,ZF0l2DxllHVB
fdbc15c6-7b68-47d2-bd56-f3a3f9184eae,William Miller,0x437416f984964e09909dc6bd274327fc,bicycle,zlPS6senyk4G
7bc79c4c-b937-45b0-8f45-2394681b72ca,Mark Miller,0x6466023479f245a19745bcdc16539122,car,txU0OJXEYqSX
2b61fd80-0c6f-4df7-a936-0495092a01a7,Karen Anderson,0x2b7c0c0f25ba4f8d99b736f6c978e285,scooter,dthWymKJWqVl
5493a5ec-0e61-40b9-85f2-8dfa9ff3c331,Charles Gonzalez,0xc703ce8f73854f67b5f0984a16446c16,foot,4RXoZfTWqwyZ
cc89c3e9-9268-400b-8b78-e6f58f965097,Richard Hernandez,0xaf08df0e205e44e6b2e0a079b521ee9f,foot,vrA7GALXzpUG
73614e4f-c063-43e1-95fe-b48b9b0ba1a9,Betty Lopez,0x609af435fec049efa5f610a8495e8047,car,ASziWMVmyAJI
f24a672a-0923-457b-8648-5ed3e8a5f2bb,Charles Martinez,0x12bab9aab597420db64a85a6b39105f8,scooter,wM8YbbspCZSZ
2d941a33-d8af-42c1-b7ed-f4835bbb5f30,Joseph Gonzalez,0x4ce8af4fb40a4aab9c6ba014d11c2759,bicycle,0hyXGa1fLRvI
1c761c4d-234d-4617-ae7a-fc8ca36b9900,Margaret Davis,0xa49cf1bcb3c0468f9fccaeb911ca0e24,scooter,Uu1PvpxjNYP1
0760e7c5-6684-46b7-bccd-4e427724ccb2,Sandra Davis,0x1254fd3c1fd04fdf9de928fcec1ee86d,foot,Anjjv6oWDvrQ
5d165749-425a-402d-be4b-364b7919f093,Patricia Jones,0x746af26429ea4750ac3612952394ac9c,scooter,RNEZWRbumsHG
c4b3ed16-9b87-4c1a-a261-cfa01d838425,Barbara Smith,0x3d0fcf55119a4c998db58544bb4a1a2d,scooter,riS6AdUSGa63
303e888f-ade4-4a59-8f45-7a42e66823a8,Richard Davis,0xc9c50de42ba94fd7b3ce188cc143dd92,foot,Bh5tSNc9lKPh
625f5759-b267-43a0-a3b4-bcb1e638abbb,Lisa Moore,0x510c5c99e9db479b87cd5f9ded6fd84b,bicycle,k2104DJIOQBK
c1e65438-b861-48fc-99dd-3a7da5ef365b,Mark Thomas,0xa2211f8fea644d76b4953a62605f797c,bicycle,XlIp5AjFxXVc
35987be1-810e-4fbe-b7e6-014abee05735,Lisa Martin,0xcdb36d16c6844ae681ebbc290a225ee2,scooter,dH9NW7qXqW50
fee46586-a9cb-4fe8-9d58-40bd546d1bd5,Joseph Davis,0x44c9c222e3ac4846a058e416033cf84c,bicycle,rEG5IwrwSwBq
3fad8919-ac9c-4839-9950-45cd5f032966,Daniel Brown,0xfbe6c0ecdae042a1ae29910f18a97d07,foot,McwaKZ0uboCm
d2415ec1-5c5e-4b73-a20a-4367f5582075,Sarah Smith,0x0e3344700a7e4cf9b75982c91e3f8948,foot,tSQIKzFgMHkV
1ff69d51-4249-4413-bf89-811202551445,Linda Miller,0xd2e8d043f0e94ca49e54d962a16d1cc7,bicycle,7rsNCYTf2vvy
948daedb-d815-427d-9e54-db7e5edc22f9,Matthew Lopez,0x08bd3af340d84ddfbdfbada2439dc060,car,lqDtEl7mU77j
0a2bea0b-09cf-4534-b481-25321951365e,Robert Miller,0x040c395f71a14d65ad05674c7764ba71,scooter,gVtLAFFJml38
3b59477b-593a-40d5-9c93-360944702503,Susan Anderson,0x54f78323fe5b430db57244db002dba23,bicycle,mWMrBez02Fwl
8769a3d8-ca0b-4365-83c7-cb6c69b90e21,Karen Davis,0x40e2874113814485a8f2d6db288ab32f,foot,NJ1kElLg1eKA
26018680-aa74-4909-bd57-e4a0ac26004d,Jessica Martinez,0xbb1f8c1932df44ed806f933a43fee856,scooter,5zkw2xJmBGSM
fd77f14e-cabd-41cd-89e5-464af6181cbc,Patricia Gonzalez,0x34c1b3a551d8492b972756710c69ee23,scooter,IbSjolEmeRxC
cbdeb8ed-d35b-4096-ad89-1e0f88f7deb6,Lisa Taylor,0x7ce14392dfe446ce9c0ebc92d059a554,scooter,PDpUaqP63zzN
459d234b-417d-41df-9150-217580fd82d6,Susan Thomas,0x1ac210a0289a4537935c429830f5228d,bicycle,voKL3f6yq3Te
93fd8a22-86ea-4c0b-a287-6edad999120a,Richard Miller,0x8c87370d5b574a4daefbe696ae5478bf,scooter,H8c0ZpvDZtLU
a1028056-5126-4973-8d22-dff3e78ecf74,Sarah Jones,0x433a49f3f4574e799323dbbcec72fb23,car,Tm1wdXYtpYe1
2585fb3e-d6fd-495d-8346-cbe934a13834,Susan Brown,0x897a912da12448468e71a60466f03cf6,scooter,5adbUUWWMxlN
a60cec16-d099-42b3-add4-d5b8b5ac4769,Mary Anderson,0x04d1c3a87f2e4f97b3aec4c5c7eb2225,foot,Ljcio2fKgqBG
49819880-6be9-41c2-a166-e1bc3d68e317,Robert Brown,0x67f97d60ad1e4a94a839cbd6ff383660,scooter,19UPLZFpHt9f
47554531-932d-4275-abcb-90873b068594,Nancy Johnson,0xf88cf8ef2d96488ab84d67d79e078286,car,G1ZfIwftEL1v
cdf002fd-7921-442f-b585-ee730438355f,Richard Brown,0x91f412bd32b14a999828356484336cfa,scooter,sOaKPNS8mRHp
3491ace9-8b17-464a-808b-483acc1ba17e,David Johnson,0xb9849bf73c8d449c9247c772648dce98,bicycle,WbSA2TiBKRAo
0f32d688-3224-41a2-a938-a1f6b5ccdb29,Sarah Moore,0x2b051d62c149400b9e0407b67dec2e27,foot,uyHEyjBlnc4u
eaa72f8f-8cb6-4524-9bfc-206c022da465,Susan Lopez,0xb13028de15734263a8a4100758dd8fce,bicycle,O49fz62otWRk
44288b98-ee0a-430c-a53b-f3c291b4bfc7,Jessica Garcia,0xcf1df89e63e649ee84f6794009373b3c,scooter,NJxv5vDdircA
aacf0316-587b-4154-a23d-4065b1872fe3,Robert Moore,0xd3180aacaf41493291deac2bc9708b50,foot,1uBrzPpF8JaO
