name,wallet_address,address,password
Robert Taylor,0x742d35Cc6634C0532925a3b844Bc454e4438f44e,12 Main St, Boston, MA,StrongPass001
Lisa Anderson,0x8ba1f10975cd2b0f9db478a49d56395f5c42fb,34 Elm Ave, New York, NY,SecureKey002
James White,0x1f9840a85d5af5bf1d1762f925bdaddc4201f984,56 Oak Rd, Los Angeles, CA,MySecret003
Patricia Harris,0x514910771af9ca656af840dff83e8264ecf986ca,78 Pine Ln, Chicago, IL,PassCode004
Mark Thompson,0x6b3595060da0b895b29c4916ae43d9f1b88b9c5,90 Maple Dr, Houston, TX,LoginSafe005
Linda Martinez,0xa0b86a21cc0c4d9cbd5a3b3b5b9b5b9b5b9b5b9,11 Birch Pl, Phoenix, AZ,AuthWord006
Paul Garcia,0x7d1afa7b718fb893db30a3abc0cfc608aacfebb0,22 Cedar Ct, Philadelphia, PA,KeyGuard007
Nancy Robinson,0x6c6ee5e31d828de24143540dab8f00a30cdea73,33 Spruce Sq, San Antonio, TX,CodeLock008
Steven Clark,0x4fabb145d64652a948d72533023f6e7a623c7c53,44 Willow Cir, San Diego, CA,PassVault009
Karen Lewis,0x8290333d937c6c0f2bb4f28bc9591079c96d35e,55 Aspen Way, Dallas, TX,SecureNet010
John Smith,0x1f573d6fb3a69600e56b7f8b0c6e5b9b5b9b5b9,123 Elm Street, Springfield, IL,SecurePass123
Emily Johnson,0x2f9e3c7a4b5d6e8f1a2c3d4e5f6a7b8c9d0e1f2,456 Oak Avenue, Anytown, CA,MyPassword456
Michael Brown,0x3a4b5c6d7e8f9a0b1c2d3e4f5a6b7c8d9e0f1a2,789 Pine Road, Rivertown, TX,PassWord789
Sarah Davis,0x4b5c6d7e8f9a0b1c2d3e4f5a6b7c8d9e0f1a2b3,101 Maple Lane, Lakeview, FL,TestPass101
David Wilson,0x5c6d7e8f9a0b1c2d3e4f5a6b7c8d9e0f1a2b3c4,202 Birch Blvd, Mountain City, CO,UserPass202
Jessica Garcia,0x6d7e8f9a0b1c2d3e4f5a6b7c8d9e0f1a2b3c4d5,303 Cedar St, Valley Town, AZ,LoginPass303
Christopher Martinez,0x7e8f9a0b1c2d3e4f5a6b7c8d9e0f1a2b3c4d5e6,404 Spruce Way, Desert Springs, NV,AuthPass404
Amanda Rodriguez,0x8f9a0b1c2d3e4f5a6b7c8d9e0f1a2b3c4d5e6f7,505 Willow Drive, Coastal Bay, WA,KeyPass505
Daniel Lee,0x9a0b1c2d3e4f5a6b7c8d9e0f1a2b3c4d5e6f7a8,606 Aspen Court, Urban Heights, NY,CodePass606
Victoria Thompson,0x0b1c2d3e4f5a6b7c8d9e0f1a2b3c4d5e6f7a8b9,707 Hickory Hill, Sunset Valley, OR,SecureCode707
