id,name,wallet_address,address,password
cb3bbd73-1987-4ff7-a577-7cc9dee32cc8,Robert Taylor,0x742d35Cc6634C0532925a3b844Bc454e4438f44e,12 Main St Boston MA,StrongPass001
0c10fca7-cd84-49c3-b245-f5f015993f81,Lisa Anderson,0x8ba1f10975cd2b0f9db478a49d56395f5c42fb,34 Elm Ave New York NY,SecureKey002
fc3187e3-f788-402b-99f3-56e732f9a222,James White,0x1f9840a85d5af5bf1d1762f925bdaddc4201f984,56 Oak Rd Los Angeles CA,MySecret003
e3f50c7e-d457-4ff9-bb8c-20fe22bd1ee7,Patricia Harris,0x514910771af9ca656af840dff83e8264ecf986ca,78 Pine Ln Chicago IL,PassCode004
aa2bb224-7295-4b8c-9ba7-ac588f047be2,Mark Thompson,0x6b3595060da0b895b29c4916ae43d9f1b88b9c5,90 Maple Dr Houston TX,LoginSafe005
da35b898-01a8-4f22-91ee-b3488d4af5f2,Linda Martinez,0xa0b86a21cc0c4d9cbd5a3b3b5b9b5b9b5b9b5b9,11 Birch Pl Phoenix AZ,AuthWord006
4a561c6d-9b4d-4e35-a3fd-a31a71b24385,Paul Garcia,0x7d1afa7b718fb893db30a3abc0cfc608aacfebb0,22 Cedar Ct Philadelphia PA,KeyGuard007
ec572e3b-73d1-4579-982c-67d05c2e9d7c,Nancy Robinson,0x6c6ee5e31d828de24143540dab8f00a30cdea73,33 Spruce Sq San Antonio TX,CodeLock008
c7fa06d0-0751-438d-897d-9c554465e870,Steven Clark,0x4fabb145d64652a948d72533023f6e7a623c7c53,44 Willow Cir San Diego CA,PassVault009
47346ebe-edbb-4a74-828a-859dc1c27721,Karen Lewis,0x8290333d937c6c0f2bb4f28bc9591079c96d35e,55 Aspen Way Dallas TX,SecureNet010
42c55b95-26f9-4a5a-8ab1-f52dab87a761,John Smith,0x1f573d6fb3a69600e56b7f8b0c6e5b9b5b9b5b9,123 Elm Street Springfield IL,SecurePass123
a89431ff-ab8e-4a2c-a169-d6be4fc5b145,Emily Johnson,0x2f9e3c7a4b5d6e8f1a2c3d4e5f6a7b8c9d0e1f2,456 Oak Avenue Anytown CA,MyPassword456
37afb50e-6755-46cd-931f-2371a3f35dd5,Michael Brown,0x3a4b5c6d7e8f9a0b1c2d3e4f5a6b7c8d9e0f1a2,789 Pine Road Rivertown TX,PassWord789
a02a21c7-650f-4d2a-a280-aced756d5b08,Sarah Davis,0x4b5c6d7e8f9a0b1c2d3e4f5a6b7c8d9e0f1a2b3,101 Maple Lane Lakeview FL,TestPass101
044a7c00-cced-40bd-b380-e42244a21701,David Wilson,0x5c6d7e8f9a0b1c2d3e4f5a6b7c8d9e0f1a2b3c4,202 Birch Blvd Mountain City CO,UserPass202
c1f15867-f3d1-4f61-9cef-d7e18493154c,Jessica Garcia,0x6d7e8f9a0b1c2d3e4f5a6b7c8d9e0f1a2b3c4d5,303 Cedar St Valley Town AZ,LoginPass303
111e2370-0449-457c-8e36-3b273f2b59f0,Christopher Martinez,0x7e8f9a0b1c2d3e4f5a6b7c8d9e0f1a2b3c4d5e6,404 Spruce Way Desert Springs NV,AuthPass404
04c3029f-c7b3-451a-b41d-7453483bc9b3,Amanda Rodriguez,0x8f9a0b1c2d3e4f5a6b7c8d9e0f1a2b3c4d5e6f7,505 Willow Drive Coastal Bay WA,KeyPass505
c94b6250-f095-493f-99d9-4a5849efe118,Daniel Lee,0x9a0b1c2d3e4f5a6b7c8d9e0f1a2b3c4d5e6f7a8,606 Aspen Court Urban Heights NY,CodePass606
995b9750-147a-4ff9-893a-62602b13afa6,Victoria Thompson,0x0b1c2d3e4f5a6b7c8d9e0f1a2b3c4d5e6f7a8b9,707 Hickory Hill Sunset Valley OR,SecureCode707
b9b55453-8760-490c-9cc6-1b255cdf2362,Renee Colon,0x44207584f95ebbde5c36ecdb9ca2edaa4df65b32,"246 Riley Summit Suite 154 South Ralph, VA 53387",CodePass021
71c0624c-48bc-4927-9c43-7c2a84ead441,Kenneth Johnson,0x7ffadae7129b72afadf48befdc00ea7a7bfadee8,"47504 Ellison Lock South Markberg, MP 68805",NetPass022
7a7811cb-0d95-41b0-aaf0-24330c592a26,James Lyons,0x2b5aa041ca2b08e1da5ea2afda0cf193fea5fc6e,"9960 Scott Extension Buckleyville, MA 82429",VaultPass023
7d27b52a-0489-478c-8e8d-368c9646caae,Tammy Phillips,0x0c6027d7eaecc2bed1e71f497ca2546a24cee9e1,"974 Jessica Rapid Apt. 849 North Sandraland, LA 31751",NetPass024
803086a9-c849-4a69-892c-48f4800da808,Melissa Williams,0xab1d0bf3fabaefdfd482bbe8fe4b7efc7cee472e,"39059 Kristen Glens Suite 090 North John, LA 83513",KeyPass025
45e1fbe1-cc35-42f8-8b8d-e4c97f5d282c,Matthew Hogan,0xdbde4bcacce76df0890f9bf9b994003ad77a7d87,"91207 John Streets Nicholsburgh, NJ 29835",NetPass026
5dde49b7-3e0a-452b-9648-c1e770fab51b,Robin Garner,0xa7aeecafa1aee7df4491dea4402e1cfa9f3fb5fd,"676 Williams Shore East Elizabeth, WA 30713",CodePass027
2968edbb-8df8-40f2-be5c-fad4ab44eae8,Philip Klein,0xb670fbe670e13eb5fe649cecfa3d8eb08a51ae2a,"0153 Brian Springs Apt. 609 West Joshua, AS 34887",AuthPass028
36edcf14-f8ec-45fe-9c59-b2880701d70d,Margaret Ayala,0xb39f11de2f81ec6c6ca8bd7d6f3ceba3237cfcbc,"04578 Norman Lane Lake Kellyview, MO 01374",AuthPass029
18e4b2c4-687e-4fee-aac3-7788908028b5,Michelle Russell DVM,0xdbfc16ecd7ddebf33cb58be232201fadfef4c426,"95477 Mercado Oval Apt. 501 North Barbara, MT 50729",MyPass030
11f2d32d-cc08-416b-ab16-3bd77d45703b,David Johnson,0x73fcac3033dcfdbb7fb72afea31f2e4d26a82fca,"915 Whitney Pass Suite 091 North Melissatown, OK 54259",MyPass031
4cd8aa27-f605-4f8a-82da-1a381a4441ce,Darren Johnson,0xc2cb72fab9f1ceaac4c4ca7c72bc0adfbf8ceecf,"1289 David Corners Suite 617 South Kevinstad, NY 56523",LoginPass032
9362d8c3-fb72-40ce-a295-f3e8453dcf41,James White,0x806b4f244eabb83f8a3edb13dfd62e6bb4bdb2dc,"638 Shah Mount Suite 209 Lake Ashley, KY 97881",NetPass033
62ff3bfa-a434-435c-9c98-eb676d4aff38,Michael Hernandez,0x8b07cb810b6ed1c0aa642f310dcc4312cdc93eff,Unit 5709 Box 3981 DPO AP 84237,NetPass034
df5ff893-9a55-48c3-ae1e-f0fdd84ea955,Dawn Preston,0xbe23b1ba7fb1612666caa2888a87d1ada01b166a,"768 Foley Ville Lake Aaron, TN 45982",LoginPass035
f6a55949-ced8-45e1-b36c-274b09a67fce,James Bradshaw,0x02b6dd1dfaba7dc1f97edc3fe0c0811ff59b5c63,"052 Alisha Islands Suite 378 Benjaminstad, AZ 90084",KeyPass036
4d6b0eb6-f193-4491-b7eb-8fb47155f7da,Carolyn Sampson,0x7acae2a55416640dfab27432ea17e36d65a711c2,"423 Blevins Expressway Suite 860 Wardbury, PA 21459",SecurePass037
3dce9add-069f-4b91-8da8-1b6759f8ea23,Manuel Rogers,0xe4568b9306f10ff54b8daa6030a31d9280d1ca4e,"4256 Keith Fork Campbellbury, UT 39682",LoginPass038
3b9364f7-f46c-40ec-814c-6c4c988a8852,Stephen Martinez,0xfe5dcc0ad8c2c1bf2ecad0a26be9b0da5db86e4b,"246 Rich Falls Apt. 705 South John, GA 27913",PassPass039
4b9f7de4-0608-4ee6-8876-bc3edc403676,Joshua Hinton,0x4138763279e18a8fd0dacf35b1be2cb92cfeeaef,"08708 Peterson Falls East Jason, UT 87253",MyPass040
63376406-7dfe-4229-8409-b32e56c869c1,Sonya Dixon,0xb0edafd0ddd45a8c3f75fc1d78e0fe7b2bdbbb2e,"919 Leonard Curve Apt. 523 Holmesburgh, GA 63328",MyPass041
d727622c-ca99-4143-955e-9faa253dfcd7,Carla Velasquez,0x44a82ae700fcf9068bf83e142be57b7cbf92d04f,"36010 Hunter Walks Apt. 553 Lake Davidbury, LA 20951",SecurePass042
2d185150-6c94-43a6-8b8d-fe5fae0502a5,Sheila Perez,0xc3bfef7fbbeee6cef0b9bce5de3ddc1756c99ce9,"621 Renee Junctions Jasminestad, ID 13215",PassPass043
8a5a7c95-fb67-40f4-8141-87c8f7801354,Christine Wiggins,0x5bab7e51c33826b6ca1d0ebd1bd96edbca1fa340,"8917 Michele Mews Port Philip, DC 51646",VaultPass044
443698ca-1029-4ee3-b9da-58824d8c6f9e,Carmen Wells,0x6b7e0cafca79ac27d4a1664d4ae10d4aa0ef3e5a,"25161 Key Ways Lake Suehaven, IL 72051",SecurePass045
5646dde0-9668-4fa1-8106-6825b4cb1a3b,Lori Fischer,0xfa28ef4a8cc33d6c33ad1849680ca2eb61781a24,"3092 Robert Center Suite 586 Lake George, OK 22326",StrongPass046
5d55510d-37a9-4148-a602-c6445c6141a3,James Howard,0x48cd275cc0d4008bcb1cfa0419062baefd1bba1b,Unit 6254 Box 5440 DPO AP 50337,AuthPass047
8d1f09a1-33b3-4b94-93e7-b67883318d96,April Martinez,0xdd022de09c45de5c4ac6d5692c07448a741fedca,"3165 Lisa Summit Port Olivia, HI 42343",VaultPass048
a03b8f20-d10e-4fb0-99a4-b62ca2de3815,Sara Hill,0x13b3cc93bf6d1bd4eab5a136783ad62c72d1eb49,"203 Ann Burgs Suite 994 Walkerton, DE 65641",VaultPass049
ac51a101-f232-464c-954c-14006d1bb363,Eric Burton,0xf900edbfdbf0c4eca0ce3eff82cbceee35eb9fd9,"767 Zuniga Village North Maureen, AK 59210",StrongPass050
980a7378-90c0-4cd2-8c47-c101c5e9e79c,Donald Koch,0xb8d80f294ba0d093d6b83834dff48dcf598ad5c3,USS Clark FPO AE 17776,MyPass051
2f7e384e-dd3e-454d-bd06-ddadb9fe52a7,Sarah Martin,0x74a46bd78872192df70a2ce46b9d3b6dbb168e47,"2790 Catherine Valleys Suite 347 Lake Kyleburgh, TN 25722",CodePass052
d30fb871-3dcc-4ac9-9fcc-7abb5fdacbcc,Amanda Chaney,0x07c29ee2bdbb23f247f325f13e781963ccf1300e,"572 Jessica Land Apt. 331 Feliciahaven, CT 68134",NetPass053
8ebe89fd-67de-45aa-b5f4-b85a3fa12b2e,Tiffany Mercado,0xaf69d75a68f80d338e5ce3cbaa8e174d2fc4b1bd,"221 Melissa Plaza South Dana, KY 84561",VaultPass054
3151580a-62d7-4889-9731-bfa71b32f639,Leah Charles,0x4ae24cb7457750f7dd64addddfdcaf67b8205b2f,"432 Thomas Villages Suite 921 Angelaside, SC 91285",NetPass055
21f4ae8d-0704-424d-8480-431f6eeb1bfa,Michael Hatfield,0x3fea8fe6ef32eaf9c7aba8c656ae48fc7324291c,"81756 Lauren Oval Karenhaven, ND 41509",NetPass056
a38e6526-4f04-4ee2-b637-636e03d8ddf1,Phillip Gutierrez,0xb6ae63faf97763950dbd256ccd40bf09f5632dae,"87939 Cathy Groves Suite 982 Hendersonville, CT 80537",KeyPass057
81ffcfea-40ba-4d8e-b273-228bcff8c6ce,Jenna Schneider,0xfeebc6bf0af1dc08c5e5dab64bea44c3d227c28c,"720 Sanchez Throughway Suite 522 West Kaylabury, VA 74310",CodePass058
4b11e3ff-a7a9-4144-a728-b2d804615942,Abigail Patton,0xadfdc94f65a87a200dadccfe8ea4b06a8d59cee5,"165 Cain Creek Suite 283 Baxterfort, SC 41560",AuthPass059
55298be5-1d54-4253-9e62-ec1f278b2632,Madison Mcdonald,0xdd0f4b9a8c2bfb9a67eec4947abfcb6b2bb9d6e1,"56500 Barnes Corners Smithborough, VT 86895",AuthPass060
31c02498-52a9-4cb9-955e-5bbbd0f02457,Jordan Johnson,0xdba198a9c6e6ddea35ab17a25a07ae07c5d0ecb6,"74961 Maria Ford New Maurice, WA 49493",LoginPass061
0ae610d5-b958-4aaf-98e0-701e5c636d1b,Elizabeth Kim,0xe3feee504b76a99dc4c33d5729b6eacddfe12849,"515 Scott Corner Apt. 016 Lake Jeffreyfort, KY 79495",StrongPass062
f8e15066-e108-4a68-a836-fbb6074599ec,Rhonda Silva MD,0x3b5ab3ca914abbaff2a39cb68c5ec159c5f774da,"421 Oconnor Mountain Suite 814 South Anita, CA 85888",LoginPass063
3510391e-d8ac-45a2-9a28-f244f5f92229,Seth Park,0x3fda60ddf43bba53acea1f1c4f7f15cb89cb5de0,"0146 Curry Glens Hallton, MP 38390",StrongPass064
444f5236-e05c-40ea-9621-15305fd5ceb3,Nicholas Kelley,0xc19b66034bd4528d31aaf0e2dfddfabf8db2f8d4,"6736 Williams Mission Apt. 527 Port Douglas, ID 31833",KeyPass065
33941c85-63cd-453b-b61c-798e07fbcd56,Todd Gonzalez,0x2ea7c0fe1cfcdb0d64e0d96ac0a703eefc92ff4d,"89278 Yates Ports Michelleshire, GA 37977",KeyPass066
056eb986-44d5-43eb-8c66-d367242eb2bf,Chad Anthony,0x7f207f1caedb3e11aeef592be4ab2ae1c9cdc7dd,USS Bradley FPO AE 69990,VaultPass067
af90d68e-1d3b-4387-a1b9-118ef8495ea0,Kayla Edwards,0x4ddb9a9df0bf458f0def67a3dcbd7f34bf4bcc3c,"051 Chen Road Port Amyhaven, AR 45572",NetPass068
2981d2f0-f558-4366-9a76-bf1ed6779583,Nancy Lambert,0xdcedc47eefc1c2a35c00adf73ae4e0ffcaab5e7d,"427 Jennifer Rapid Suite 990 Jessicabury, NE 66696",PassPass069
ee8a0a94-4b25-4f3e-b88f-83ad2d78371d,William Diaz,0x7ef9a558bf70cdefdfee5a7a46b88eb8ce690190,"14143 John Island Apt. 237 North John, CO 87843",PassPass070
c9b5dfb3-44f4-4832-b100-06ed5bdcfeb9,Justin Williams,0xf1c048da5eb0ec9fc45317ced2ae0b5a45ec45dd,"853 Bautista Curve Suite 860 New Amanda, CA 87725",LoginPass071
12f90d9f-8b4b-42a1-9639-550f1b0500e1,Zachary Thornton,0xbaab59c643fbed39a0cee92a844d5e85f47b071e,"3235 Beltran Courts Jillfurt, NH 24306",SecurePass072
00a9c2b5-301b-48b7-bed6-dccf796f7521,Jennifer Montes,0x80cbebe371a9fd1bfe71ae4ba5e3acc185ac5dbc,"4041 Donna Underpass Apt. 739 West Nancy, NE 56068",LoginPass073
dba94866-dc0d-4961-9cee-3c0808f5a646,Vicki Fuentes,0x7a24009aee9291db74b4ef8ea167e58b8e6924b3,"48251 Brian Viaduct Apt. 103 Crystalmouth, DE 26243",VaultPass074
0803a4cf-3558-49ae-825e-d05d7f69995e,Lauren Snyder,0x42c5bfe1bcbdafdebe2d3cfcfeb0aadb8d8eba29,Unit 0678 Box 0602 DPO AP 50560,StrongPass075
166c7066-9659-42a2-985c-046a07392056,Gregory Nichols,0x8769ec4d06dca6f3c1ebd9eafda0d186e18bf2e5,"36186 Owens Loop Suite 428 West Kyle, IA 54929",KeyPass076
19468581-46bb-4715-941b-9e8aec4143c5,Carlos Sims,0x4f6f3e6e2ac07ba64473ae72cfbccee06ba428db,"19749 Wilson Avenue Apt. 913 New Rebecca, WY 85874",SecurePass077
1c020574-8ea7-42ef-ab45-a539c8db4f37,Kristin Kelly,0xe8c068cc8ded5a791c6055adf7368bbf7fe44e88,"217 Frey Meadow Apt. 393 New Denise, IA 30188",SecurePass078
71a6b46d-e92a-4104-baa6-9f3986ba5c58,Peggy Coleman,0xed21071dcab1e9082822df4e4cfeb69abddac09d,"95770 Ricky Lodge Apt. 778 East Ericabury, NM 35641",CodePass079
da69bda9-448d-4053-aab8-6161ac68b711,Joseph Gray,0xae6ca6bfab6ee1b6c330ce65c57aaca0d47018c4,"586 Parker Landing New Kevinshire, CO 07260",CodePass080
8ccc0ba2-715f-42fa-b345-93854a0e0516,Arthur Reynolds,0xfbb6c2fc3fe9ded435dcecdc17f6cfab8afcb8cb,"671 Jones Trace Lake Alexshire, ID 64357",StrongPass081
9ecc6807-4ffa-4c35-9e48-6fdbbbd3579c,Bonnie Martin,0x2ea7ec459d07bdc539d68ffed072acbb5376ccda,"592 Davidson Well Pricetown, TN 75663",LoginPass082
8167a98e-16c3-46fc-bc20-d06771b423f4,Tonya Zamora,0xeef0dfe2af4aba3833d690c28c4eb6c154b4719b,"87915 Smith Mill Apt. 010 Brighthaven, AZ 33886",LoginPass083
ecf73ad8-f165-44e7-938d-2a4012bdd494,Philip Munoz,0x7d971c90d92ef967b501622ae2fa7a1dce13bc1a,"8884 Reginald Springs Apt. 733 Sharpville, AR 83837",LoginPass084
5b82189a-3af8-478b-a181-06b852fd305f,Jeffrey Lawrence,0x862c285fcea506af1e7b2c73dd886637b25081fe,"77255 William Crossroad West Steven, CT 41741",AuthPass085
90e8dede-20bb-4a0c-a87e-a41617bb547c,Jade Singleton,0xdd7d7875b1d898815fecdb8b6a9df84988f59f6b,"1503 Brown Trafficway Normafurt, MN 48745",NetPass086
a501f7b7-6a0a-429b-a63a-5ef98436e0cb,Kimberly Ho,0x09e9f63c964eb012e83ff7ceef2ddb66dee348c0,"67036 Christensen Garden Port Jeffery, VI 03037",PassPass087
17fb380d-5950-42b7-b40c-05d8c04e7cd0,Lindsey Deleon,0x6d9ef5d466305d7cbfc121c14c2d23ac4b0ad52c,"352 Jeremy Fall Apt. 322 Reedton, WY 05009",StrongPass088
c6232993-6ca7-480e-97da-df08384ba6fd,Richard Osborne,0xfe95660ed14fcdba9da9f60abbbeb2abfcb8ccfe,"7939 Arroyo Port Suite 910 West Catherine, NY 16812",LoginPass089
45a7ae3a-cb87-478b-b4c5-9ee92c3a17f5,Angela Young,0x6c1fedeaed32a2ebd773ed78aadea7fdc7cb92ea,"806 Hamilton Garden Suite 328 North Sethton, KY 16977",CodePass090
4b9b3ef0-680a-438a-8464-ee9150bb9f98,Melody Brown,0xc96de15354eb318b53ae46c70ba2fbd7190453ce,"13510 Powers Via East Brendafurt, OH 13670",PassPass091
f5312787-b56d-4681-a0f2-6d8992057cb6,Jessica Cox,0xe8c5bbd5c1aecf08b7a76410ecef17907bdeb53d,"9434 Justin Court Moorefurt, UT 56102",StrongPass092
7794f86e-325a-4191-b6e9-ea1dfef60c23,Greg Gregory,0x35e10d56e639af66bfb8ab33bdd0dbe8f5acde4b,"04336 Phillips Ville Apt. 992 Ramirezview, OH 83614",SecurePass093
850ae46f-cdc0-4007-9dce-d0527672b913,Victoria Bailey,0xe36dce3a20077badd0fdf4fc1cfeead9ab52180c,"70027 Whitney Stream Suite 724 Port Jacob, ND 61082",PassPass094
d9469c1f-02e0-458d-ae1c-0d3180760ea0,Jack Bush,0xc228cca83ab48c8204dfdede59aa6a992d6ad1ba,"2474 Webb Coves Suite 833 Fergusonland, VA 34415",StrongPass095
164f05cb-dd33-4888-9cd9-1ea5b39d56f6,Jennifer Leon,0x5b5ac8c3ff5aa0bafab90fbdbd11a7af1fbb39ea,"640 Wilkins Mountains Jamesberg, MP 94706",NetPass096
01ba8fb8-d1c4-44a3-8fff-4900ca8fae66,Christopher Nash,0xf4dbfcc3edfadf2436bdc83ed2fabb30a7afdae4,"90024 Meghan Fall Andersonview, AZ 27975",CodePass097
51192917-6b40-4555-9342-8b4c590108e9,Jennifer Bartlett,0xfc7440da50d90fcadb1be39adc34dcb5b9c62eeb,"8647 Hardin Keys Lake Dominiquechester, FL 17140",MyPass098
e37eb0e4-4031-4bad-a815-628670806e0c,Ricky Mcintyre,0x5c8d54ee1896acffdc5d7b933fab471fe4e3dcbf,"410 Bennett Fall Elizabethburgh, NE 42766",AuthPass099
1d094772-2010-44e4-b110-95e2fdb1137d,Alex Collins,0xa2d03c22ebdcba6cea1de7efba19afd11cba69c4,"6543 Morris Islands West Brent, TX 81490",NetPass100
